﻿[
	{
		"iWGDID": 2,
		"iTimelineID": 2,
		"iLOVID": 1,
		"iVSID": 1,
		"iMonth": 1,
		"iYear": 2021,
		"iWeekID": 1,
		"iTotal": false,
		"vcTypeName": "Leading Indicators",
		"vcLovName": "Aged QN > 30 days ($Ms)",
		"iActuals": 0.0,
		"W1_iplan": 0.5,
		"W1_iLE_HFM": 5.0,
		"iPriorPA": 0.0,
		"iMTD": 0.0,
		"iEST": 20.0,
		"iVP": 19.5,
		"iVartoLEHFM": 15.0,
		"iVartoPriorPA": 20.0,
		"Comments": "Comments"
	},
	{
		"iWGDID": 3,
		"iTimelineID": 2,
		"iLOVID": 2,
		"iVSID": 1,
		"iMonth": 1,
		"iYear": 2021,
		"iWeekID": 1,
		"iTotal": false,
		"vcTypeName": "Leading Indicators",
		"vcLovName": "Demand Stability %",
		"iActuals": 0.0,
		"W1_iplan": 0.5,
		"W1_iLE_HFM": 2.0,
		"iPriorPA": 0.0,
		"iMTD": 0.0,
		"iEST": 20.0,
		"iVP": 19.5,
		"iVartoLEHFM": 18.0,
		"iVartoPriorPA": 20.0,
		"Comments": "Comments"
	}	
]