﻿[
	{
		"iWGDID": 43,
		"iTimelineID": 1,
		"iLOVID": 1,
		"iVSID": 1,
		"iMonth": 12,
		"iYear": 2020,
		"iWeekID": 5,
		"iTotal": false,
		"vcTypeName": "Leading Indicators",
		"vcLovName": "Aged QN > 30 days ($Ms)",
		"iActuals": 0.0,
		"W5_iplan": 0.5,
		"W5_iLE_HFM": 0.0,
		"iPriorPA": 2.5,
		"iMTD": 0.0,
		"iEST": 0.0,
		"iVP": -0.5,
		"iVartoLEHFM": 0.0,
		"iVartoPriorPA": -2.5,
		"Comments": "Comments"
	},
	{
		"iWGDID": 44,
		"iTimelineID": 1,
		"iLOVID": 2,
		"iVSID": 1,
		"iMonth": 12,
		"iYear": 2020,
		"iWeekID": 5,
		"iTotal": false,
		"vcTypeName": "Leading Indicators",
		"vcLovName": "Demand Stability %",
		"iActuals": 0.0,
		"W5_iplan": 1.5,
		"W5_iLE_HFM": 0.0,
		"iPriorPA": 2.5,
		"iMTD": 0.0,
		"iEST": 0.0,
		"iVP": -1.5,
		"iVartoLEHFM": 0.0,
		"iVartoPriorPA": -2.5,
		"Comments": "Comments"
	}
]