[
	{
		"ApprovedBudget": "$243,000.00",
		"BudgetRemaining": "$194,474",
		"BudgetUtilized": "19.97%",
		"Comments": null,
		"SBU": "Actuation Systems-BUC",
		"SCOMETLicenseNumber": "DDP-C0003/59/2017-D(EPC)",
		"StartDate": "\/Date(1529519400000)\/",
		"FinishDate": "\/Date(1592591400000)\/",
		"JanuaryP2": null,
		"JanuaryP1": null,
		"January": "$6,055",
		"FebruaryP1": null,
		"February": "$8,861",
		"MarchP2": null,
		"MarchP1": null,
		"March": "$5,578",
		"AprilP2": null,
		"AprilP1": null,
		"April": "$725",
		"FebruaryP2": null,
		"MayP2": null,
		"MayP1": null,
		"June": "$5,221",
		"JulyP2": null,
		"JulyP1": "$176",
		"July": "$3,375",
		"AugustP2": null,
		"AugustP1": "$2,959",
		"August": "$121",
		"SeptemberP2": null,
		"May": "$35",
		"JuneP2": null,
		"JuneP1": null,
		"SeptemberP1": "$3,102",
		"September": null,
		"OctoberP1": "$5,753",
		"OctoberP2": null,
		"October": null,
		"NovemberP2": null,
		"NovemberP1": "$2,811",
		"November": null,
		"DecemberP2": null,
		"DecemberP1": "$3,756",
		"December": null
	}

]